-- Lozinke su hesovane pomocu BCrypt algoritma https://www.dailycred.com/article/bcrypt-calculator
-- Lozinka za adminsystem@example.com je Admin123#
INSERT INTO USERS (username, password, first_name, last_name, email, country, city, address, phone, enabled, last_password_reset_date) VALUES ('adminsystem@example.com', '$2y$10$Dz4zbJOWPOfxHsjy2QgDk.SoBDiwsiQ3.2Vgxw0hhNfoDO4rZZB5i', 'Milica', 'Okiljevic', 'adminsystem@example.com','Republika Srbija', 'Novi Sad', 'Trg Dositeja Obradovica 60', '0694458924', true, '2017-10-01 21:58:58.508-07');
INSERT INTO USERS (username, password, first_name, last_name, email,country, city, address, phone, enabled, last_password_reset_date) VALUES ('user1@example.com', '$2y$10$Dz4zbJOWPOfxHsjy2QgDk.SoBDiwsiQ3.2Vgxw0hhNfoDO4rZZB5i', 'Nikola', 'Nikolic', 'user1@example.com', 'Republika Srbija', 'Novi Sad', 'NArodnog fronta 60', '0694458924', true, '2017-10-01 18:57:58.508-07');
INSERT INTO USERS (username, password, first_name, last_name, email, country, city, address, phone, enabled, last_password_reset_date) VALUES ('user2@example.com', '$2a$04$Vbug2lwwJGrvUXTj6z7ff.97IzVBkrJ1XfApfGNl.Z695zqcnPYra', 'Marko', 'Markovic', 'user2@example.com','Republika Srbija', 'Novi Sad', 'NArodnog fronta 60', '0694458924', true, '2017-10-01 21:58:58.508-07');
INSERT INTO USERS (username, password, first_name, last_name, email, country, city, address, phone, enabled, last_password_reset_date) VALUES ('user3@example.com', '$2a$04$Vbug2lwwJGrvUXTj6z7ff.97IzVBkrJ1XfApfGNl.Z695zqcnPYra', 'Marko', 'Markovic', 'userr@example.com','Republika Srbija', 'Novi Sad', 'NArodnog fronta 60', '0694458924', true, '2017-10-01 21:58:58.508-07');
INSERT INTO USERS (username, password, first_name, last_name, email, country, city, address, phone, enabled, last_password_reset_date) VALUES ('user@example.com', '$2y$10$RobfH2HQtwTbwlvLgjTxA.Lrd4j8amcljStog3n4APU5EX3bGJIUK', 'Marko', 'Markovic', 'user@example.com','Republika Srbija', 'Novi Sad', 'NArodnog fronta 60', '0694458924', true, '2017-10-01 21:58:58.508-07');
INSERT INTO USERS (username, password, first_name, last_name, email, country, city, address, phone, enabled, last_password_reset_date) VALUES ('maja.tepavcevic133@gmail.com', '$2y$10$RobfH2HQtwTbwlvLgjTxA.Lrd4j8amcljStog3n4APU5EX3bGJIUK', 'Nikola', 'Nikolic', 'maja.tepavcevic133@gmail.com','Republika Srbija', 'Nis', 'NArodnog fronta 60', '0694458924', true, '2017-10-01 21:58:58.508-07');
INSERT INTO USERS (username, password, first_name, last_name, email, country, city, address, phone, enabled, last_password_reset_date) VALUES ('dermatologist@example.com', '$2y$10$RobfH2HQtwTbwlvLgjTxA.Lrd4j8amcljStog3n4APU5EX3bGJIUK', 'Marko', 'Markovic', 'dermatologist@example.com','Republika Srbija', 'Novi Sad', 'NArodnog fronta 60', '0694458924', true, '2017-10-01 21:58:58.508-07');
INSERT INTO USERS (username, password, first_name, last_name, email, country, city, address, phone, enabled, last_password_reset_date) VALUES ('pharmacist@example.com', '$2y$10$RobfH2HQtwTbwlvLgjTxA.Lrd4j8amcljStog3n4APU5EX3bGJIUK', 'Jovan', 'Jovanovic', 'pharmacist@example.com','Republika Srbija', 'Novi Sad', 'NArodnog fronta 60', '0694458924', true, '2017-10-01 21:58:58.508-07');
INSERT INTO USERS (username, password, first_name, last_name, email, country, city, address, phone, enabled, last_password_reset_date) VALUES ('adminpharmacyr@example.com', '$2y$10$Dz4zbJOWPOfxHsjy2QgDk.SoBDiwsiQ3.2Vgxw0hhNfoDO4rZZB5i', 'Dragana', 'Todorovic', 'adminpharmacyr@example.com','Republika Srbija', 'Novi Sad', 'NArodnog fronta 60', '0694458924', true, '2017-10-01 21:58:58.508-07');
INSERT INTO USERS (username, password, first_name, last_name, email, country, city, address, phone, enabled, last_password_reset_date) VALUES ('pharmacist1@example.com', '$2y$10$RobfH2HQtwTbwlvLgjTxA.Lrd4j8amcljStog3n4APU5EX3bGJIUK', 'Ivana', 'Ivanovic', 'pharmacist1@example.com','Republika Srbija', 'Novi Sad', 'NArodnog fronta 60', '0694458924', true, '2017-10-01 21:58:58.508-07');
INSERT INTO USERS (username, password, first_name, last_name, email, country, city, address, phone, enabled, last_password_reset_date) VALUES ('dermatologist1@example.com', '$2y$10$RobfH2HQtwTbwlvLgjTxA.Lrd4j8amcljStog3n4APU5EX3bGJIUK', 'Maja', 'Markovic', 'dermatologist1@example.com','Republika Srbija', 'Novi Sad', 'NArodnog fronta 60', '0694458924', true, '2017-10-01 21:58:58.508-07');
INSERT INTO USERS (username, password, first_name, last_name, email, country, city, address, phone, enabled, last_password_reset_date) VALUES ('dermatologist2@example.com', '$2y$10$RobfH2HQtwTbwlvLgjTxA.Lrd4j8amcljStog3n4APU5EX3bGJIUK', 'Jovana', 'Jovancic', 'dermatologist2@example.com','Republika Srbija', 'Novi Sad', 'NArodnog fronta 60', '0694458924', true, '2017-10-01 21:58:58.508-07');
INSERT INTO USERS (username, password, first_name, last_name, email, country, city, address, phone, enabled, last_password_reset_date) VALUES ('dragana123600@gmail.com', '$2y$10$RobfH2HQtwTbwlvLgjTxA.Lrd4j8amcljStog3n4APU5EX3bGJIUK', 'Jovana', 'Jovancic', 'dragana123600@gmail.com','Republika Srbija', 'Novi Sad', 'NArodnog fronta 60', '0694458924', true, '2017-10-01 21:58:58.508-07');
INSERT INTO USERS (username, password, first_name, last_name, email, country, city, address, phone, enabled, last_password_reset_date) VALUES ('suplier@gmail.com', '$2y$10$RobfH2HQtwTbwlvLgjTxA.Lrd4j8amcljStog3n4APU5EX3bGJIUK', 'Jovana', 'Jovancic', 'suplier@gmail.com','Republika Srbija', 'Novi Sad', 'NArodnog fronta 60', '0694458924', true, '2017-10-01 21:58:58.508-07');

--medicine

INSERT INTO MEDICINE(code,name,shape,content,producer,withprescription,type,notes,adviseddailydose,contradiction) VALUES ('Code1','Midol',1,'content1','Galenika',false,0,'Ne konzumirati uz alkohol',1,'Contradiction0');
INSERT INTO MEDICINE(code,name,shape,content,producer,withprescription,type,notes,adviseddailydose,contradiction) VALUES ('Code2','Rapten DUO',1,'content2','Galenika',false,0,'Ne konzumirati uz alkohol',2,'Contradiction1');
INSERT INTO MEDICINE(code,name,shape,content,producer,withprescription,type,notes,adviseddailydose,contradiction) VALUES ('Code3','Paracetamol',1,'content3','HEMOFARM',false,0,'Ne konzumirati uz alkohol',2,'Contradiction2');
INSERT INTO MEDICINE(code,name,shape,content,producer,withprescription,type,notes,adviseddailydose,contradiction) VALUES ('Code4','Andol',1,'content4','FARMAVITA',false,0,'Ne konzumirati uz alkohol',3,'Contradiction3');
INSERT INTO MEDICINE(code,name,shape,content,producer,withprescription,type,notes,adviseddailydose,contradiction) VALUES ('Code5','Deksomen',1,'content5','Galenika',false,0,'Ne konzumirati uz alkohol',5,'Contradiction4');
INSERT INTO MEDICINE(code,name,shape,content,producer,withprescription,type,notes,adviseddailydose,contradiction) VALUES ('Code6','Analgin',1,'content6','HEMOFARM',false,0,'Ne konzumirati uz alkohol',4,'Contradiction5');

INSERT INTO MEDICINE(code,name,shape,type,content,producer,withprescription,notes,adviseddailydose,contradiction) VALUES ('1234','Brufen',1,1,'nesto','Galenika',false,'Ne konzumirati uz alkohol', 2,'Contradiction');
INSERT INTO MEDICINE(code,name,shape,type,content,producer,withprescription,notes,adviseddailydose,contradiction) VALUES ('12333','Aspirin',1,2,'nesto','Galenika',false,'Ne konzumirati uz alkohol',3,'Contradiction2');


INSERT INTO medicine_substitute_medicine_codes(medicine_id, substitute_medicine_codes) VALUES(1,'12333');
INSERT INTO medicine_substitute_medicine_codes(medicine_id, substitute_medicine_codes) VALUES(1,'Code3');


-- role
INSERT INTO AUTHORITY (name) VALUES ('ROLE_USER');
INSERT INTO AUTHORITY (name) VALUES ('ROLE_ADMIN_SYSTEM');
INSERT INTO AUTHORITY (name) VALUES ('ROLE_PATIENT');
INSERT INTO AUTHORITY (name) VALUES ('ROLE_PHARMACIST');
INSERT INTO AUTHORITY (name) VALUES ('ROLE_DERMATOLOGIST');
INSERT INTO AUTHORITY (name) VALUES ('ROLE_ADMIN_PHARMACY');
INSERT INTO AUTHORITY (name) VALUES ('ROLE_SUPPLIER');

INSERT INTO USER_AUTHORITY (user_id, authority_id) VALUES (1, 2);
INSERT INTO USER_AUTHORITY (user_id, authority_id) VALUES (2, 1);
INSERT INTO USER_AUTHORITY (user_id, authority_id) VALUES (3, 1);
INSERT INTO USER_AUTHORITY (user_id, authority_id) VALUES (4, 2);
INSERT INTO USER_AUTHORITY (user_id, authority_id) VALUES (5, 3);
INSERT INTO USER_AUTHORITY (user_id, authority_id) VALUES (6, 3);
INSERT INTO USER_AUTHORITY (user_id, authority_id) VALUES (7, 5);
INSERT INTO USER_AUTHORITY (user_id, authority_id) VALUES (9, 6);
INSERT INTO USER_AUTHORITY (user_id, authority_id) VALUES (8, 4);
INSERT INTO USER_AUTHORITY (user_id, authority_id) VALUES (10, 4);
INSERT INTO USER_AUTHORITY (user_id, authority_id) VALUES (11, 5);
INSERT INTO USER_AUTHORITY (user_id, authority_id) VALUES (12, 5);
INSERT INTO USER_AUTHORITY (user_id, authority_id) VALUES (13, 7);
INSERT INTO USER_AUTHORITY (user_id, authority_id) VALUES (14, 7);
--patient
INSERT INTO PATIENTS (id,user_id,points,category,penal,point) VALUES (1,5,10,0,0,0);
INSERT INTO PATIENTS (id,user_id,points,category,penal,point) VALUES (2,6,100,0,0,0);
INSERT INTO patients_allergies_medicine(patient_id, allergies_medicine_id) values (1,1);
INSERT INTO patients_allergies_medicine(patient_id, allergies_medicine_id) values (2,2);

--suplier 

INSERT INTO suplier(user_id) VALUES (13);
INSERT INTO suplier(user_id) VALUES (14);
INSERT INTO suplier(user_id) VALUES (6);

--system admin
INSERT INTO systemadmin(user_id) VALUES (1);



INSERT INTO ADDRESS (street,city) VALUES ('Bulevar oslobodjenja 4', 'Novi Sad');
INSERT INTO ADDRESS (street,city) VALUES ('Kralja Petra 20', 'Beograd');
--pharmacy
INSERT INTO PHARMACY (name, description, address_id) VALUES ('Jankovic', 'Opis Jankovic',2);
INSERT INTO PHARMACY (name, description, address_id) VALUES ('Benu', 'Opis Benu',1);

--pharmacyadmin

INSERT INTO PHARMACYADMIN ( pharmacy_id, user_id) VALUES (2,9);



INSERT INTO patient_subscribe_pharmacy_ids(patient_id,subscribe_pharmacy_ids) VALUES (1,2);
INSERT INTO patient_subscribe_pharmacy_ids(patient_id,subscribe_pharmacy_ids) VALUES (2,2);
--dermatologist 
INSERT INTO DERMATOLOGIST ( user_id) VALUES (7);
INSERT INTO DERMATOLOGIST ( user_id) VALUES (11);
INSERT INTO DERMATOLOGIST (user_id) VALUES (12);
--appoitment
INSERT INTO APPOITMENT ( duration, start_date_time, description, dermatologist_id, patient_id) VALUES (30,'2021-01-01 21:58:58.508-07','opis1',1,1);
INSERT INTO APPOITMENT ( duration, start_date_time, description, dermatologist_id, patient_id) VALUES (30,'2021-02-02 21:58:58.508-07','opis2',1,2);
INSERT INTO APPOITMENT ( duration, start_date_time, description, dermatologist_id, patient_id) VALUES (30,'2021-03-01 21:58:58.508-07','opis1',1,1);
INSERT INTO APPOITMENT ( duration, start_date_time, description, dermatologist_id, patient_id) VALUES (30,'2020-02-02 21:58:58.508-07','opis2',1,2);
INSERT INTO APPOITMENT ( duration, start_date_time, description, dermatologist_id, patient_id) VALUES (30,'2020-01-01 21:58:58.508-07','opis1',1,1);
INSERT INTO APPOITMENT ( duration, start_date_time, description, dermatologist_id, patient_id) VALUES (30,'2019-02-02 21:58:58.508-07','opis2',1,2);
INSERT INTO APPOITMENT ( duration, start_date_time, description, dermatologist_id, patient_id) VALUES (30,'2017-01-01 21:58:58.508-07','opis1',1,1);
INSERT INTO APPOITMENT ( duration, start_date_time, description, dermatologist_id, patient_id) VALUES (30,'2018-02-02 21:58:58.508-07','opis2',1,2);
INSERT INTO APPOITMENT ( duration, start_date_time, description, dermatologist_id, patient_id) VALUES (30,'2021-03-15 21:58:58.508-07','opis2',1,2);
INSERT INTO APPOITMENT ( duration, start_date_time, description, dermatologist_id, patient_id) VALUES (30,'2021-08-10 21:58:58.508-07','opis1',1,1);
INSERT INTO APPOITMENT ( duration, start_date_time, description, dermatologist_id, patient_id) VALUES (30,'2020-02-14 21:58:58.508-07','opis2',1,2);
INSERT INTO APPOITMENT ( duration, start_date_time, description, dermatologist_id, patient_id) VALUES (30,'2020-02-15 21:58:58.508-07','opis1',1,1);
INSERT INTO APPOITMENT ( duration, start_date_time, description, dermatologist_id, patient_id) VALUES (30,'2020-03-16 21:58:58.508-07','opis2',1,2);
INSERT INTO APPOITMENT ( duration, start_date_time, description, dermatologist_id, patient_id) VALUES (30,'2020-11-11 21:58:58.508-07','opis2',1,2);
INSERT INTO APPOITMENT ( duration, start_date_time, description, dermatologist_id, patient_id) VALUES (30,'2020-12-12 21:58:58.508-07','opis1',1,1);
INSERT INTO APPOITMENT ( duration, start_date_time, description, dermatologist_id, patient_id) VALUES (30,'2019-04-04 21:58:58.508-07','opis2',1,2);
INSERT INTO APPOITMENT ( duration, start_date_time, description, dermatologist_id, patient_id) VALUES (30,'2019-04-05 21:58:58.508-07','opis1',1,1);
INSERT INTO APPOITMENT ( duration, start_date_time, description, dermatologist_id, patient_id) VALUES (30,'2019-05-16 21:58:58.508-07','opis2',1,2);
INSERT INTO APPOITMENT ( duration, start_date_time, description, dermatologist_id, patient_id) VALUES (30,'2021-08-23 08:00:00.508-07','opis2',1,2);
INSERT INTO APPOITMENT ( duration, start_date_time, description, dermatologist_id, patient_id) VALUES (3,'2021-08-20 12:55:00.508-07','opis2',1,2);
--appoitment price
INSERT INTO APPOITMENTPRICE (price,appoitment_id) VALUES (400,1);
INSERT INTO APPOITMENTPRICE (price,appoitment_id) VALUES (500,2);



--rating
INSERT INTO RATING (id, rating) VALUES (1,1);
INSERT INTO RATING (id, rating) VALUES (2,2);
INSERT INTO RATING (id, rating) VALUES (3,3);
INSERT INTO RATING (id, rating) VALUES (4,4);
INSERT INTO RATING (id, rating) VALUES (5,5);

--dermatologist rating
INSERT INTO dermatologist_ratings (dermatologist_id, ratings_id) VALUES (1,1);
INSERT INTO dermatologist_ratings (dermatologist_id, ratings_id) VALUES (1,2);
INSERT INTO dermatologist_ratings (dermatologist_id, ratings_id) VALUES (1,5);
INSERT INTO dermatologist_ratings (dermatologist_id, ratings_id) VALUES (2,2);
INSERT INTO dermatologist_ratings (dermatologist_id, ratings_id) VALUES (2,3);
INSERT INTO dermatologist_ratings (dermatologist_id, ratings_id) VALUES (2,5);
INSERT INTO dermatologist_ratings (dermatologist_id, ratings_id) VALUES (3,3);
INSERT INTO dermatologist_ratings (dermatologist_id, ratings_id) VALUES (3,5);
INSERT INTO dermatologist_ratings (dermatologist_id, ratings_id) VALUES (3,4);

--medicine price
INSERT INTO MEDICINEPRICE ( price, medicine_id) VALUES ( 200, 1);
INSERT INTO MEDICINEPRICE (	price, medicine_id) VALUES ( 300, 2);
INSERT INTO MEDICINEPRICE ( price, medicine_id) VALUES ( 485, 3);
INSERT INTO MEDICINEPRICE ( price, medicine_id) VALUES ( 856, 4);
INSERT INTO MEDICINEPRICE (	price, medicine_id) VALUES ( 586, 5);
INSERT INTO MEDICINEPRICE ( price, medicine_id) VALUES ( 255, 6);
INSERT INTO MEDICINEPRICE (	price, medicine_id) VALUES ( 3005, 7);
INSERT INTO MEDICINEPRICE (	price, medicine_id) VALUES ( 600, 8);
--medicine with quantity
INSERT INTO MEDICINEWITHQUANTITY (quantity, medicine_id) VALUES (20, 1);
INSERT INTO MEDICINEWITHQUANTITY (quantity, medicine_id) VALUES (50, 2);
INSERT INTO MEDICINEWITHQUANTITY (quantity, medicine_id) VALUES (100, 3);
INSERT INTO MEDICINEWITHQUANTITY (quantity, medicine_id) VALUES (30, 4);
INSERT INTO MEDICINEWITHQUANTITY (quantity, medicine_id) VALUES (25, 5);
INSERT INTO MEDICINEWITHQUANTITY (quantity, medicine_id) VALUES (28, 6);
INSERT INTO MEDICINEWITHQUANTITY (quantity, medicine_id) VALUES (3, 6);


--za offers 
INSERT INTO MEDICINEWITHQUANTITY (quantity, medicine_id) VALUES (55, 1);
INSERT INTO MEDICINEWITHQUANTITY (quantity, medicine_id) VALUES (44, 4);
--pharmacy medicine prices

--pharmacy medicine with quantity
INSERT INTO pharmacy_medicine_with_quantity (pharmacy_id, medicine_with_quantity_id) VALUES (2, 1);
INSERT INTO pharmacy_medicine_with_quantity (pharmacy_id, medicine_with_quantity_id) VALUES (1, 3);
INSERT INTO pharmacy_medicine_with_quantity (pharmacy_id, medicine_with_quantity_id) VALUES (2, 4);
INSERT INTO pharmacy_medicine_with_quantity (pharmacy_id, medicine_with_quantity_id) VALUES (1, 5);
INSERT INTO pharmacy_medicine_with_quantity (pharmacy_id, medicine_with_quantity_id) VALUES (1, 6);
INSERT INTO pharmacy_medicine_with_quantity (pharmacy_id, medicine_with_quantity_id) VALUES (1, 2);
INSERT INTO pharmacy_medicine_with_quantity (pharmacy_id, medicine_with_quantity_id) VALUES (2, 7);


--price list
INSERT INTO pricelist(start_date) VALUES ('2021-10-10 21:58:58.508-07');
INSERT INTO pricelist(start_date) VALUES ('2021-08-08 21:58:58.508-07');


--price list medicine price list
INSERT INTO pricelist_medicine_price_list(price_list_id,medicine_price_list_id) VALUES (1,1);
INSERT INTO pricelist_medicine_price_list(price_list_id,medicine_price_list_id) VALUES (1,2);
INSERT INTO pricelist_medicine_price_list(price_list_id,medicine_price_list_id) VALUES (1,3);
INSERT INTO pricelist_medicine_price_list(price_list_id,medicine_price_list_id) VALUES (1,4);
INSERT INTO pricelist_medicine_price_list(price_list_id,medicine_price_list_id) VALUES (1,5);
INSERT INTO pricelist_medicine_price_list(price_list_id,medicine_price_list_id) VALUES (1,6);
INSERT INTO pricelist_medicine_price_list(price_list_id,medicine_price_list_id) VALUES (1,7);
INSERT INTO pricelist_medicine_price_list(price_list_id,medicine_price_list_id) VALUES (1,8);

--price list appoitment price list
--INSERT INTO pricelist_appoitment_price_list(price_list_id,appoitment_price_list_id) VALUES (1,1);
--INSERT INTO pricelist_appoitment_price_list(price_list_id,appoitment_price_list_id) VALUES (1,2);
--pharmacy rating
INSERT INTO pharmacy_ratings (pharmacy_id, ratings_id) VALUES (1,3);
INSERT INTO pharmacy_ratings (pharmacy_id, ratings_id) VALUES (1,5);
INSERT INTO pharmacy_ratings (pharmacy_id, ratings_id) VALUES (2,3);
INSERT INTO pharmacy_ratings (pharmacy_id, ratings_id) VALUES (2,4);
INSERT INTO pharmacy_ratings (pharmacy_id, ratings_id) VALUES (2,2);
INSERT INTO pharmacy_ratings (pharmacy_id, ratings_id) VALUES (2,5);

--pharmacy price list
INSERT INTO pharmacy_price_list(pharmacy_id, price_list_id) VALUES (2,1);

--actions and benefits
INSERT INTO actionandbenefit (description,start_date,end_date) VALUES ( 'brufen 20%','2017-10-01 21:58:58.508-07','2017-12-01 21:58:58.508-07');
INSERT INTO actionandbenefit (description,start_date,end_date) VALUES ( 'kupis 2 dobijes 3','2017-10-01 21:58:58.508-07','2017-12-01 21:58:58.508-07');
INSERT INTO actionandbenefit (description,start_date,end_date) VALUES ( 'paracetamol 10%','2017-10-01 21:58:58.508-07','2017-12-01 21:58:58.508-07');

--pharmacy actions and benefits
INSERT INTO pharmacy_actions_and_benefits(pharmacy_id,actions_and_benefits_id) VALUES (1,1);
INSERT INTO pharmacy_actions_and_benefits(pharmacy_id,actions_and_benefits_id) VALUES (1,2);
INSERT INTO pharmacy_actions_and_benefits(pharmacy_id,actions_and_benefits_id) VALUES (1,3);


--dermatologist complaint
INSERT INTO dermatologist_complaint(id,content,dermatologist_id,patient_id,is_answered) VALUES (1,'Nije ljubazan',1,1,false);

--patient dermatologist complaint
INSERT INTO patients_dermatologist_complaints(patient_id,dermatologist_complaints_id) VALUES (1,1);

--holiday request
INSERT INTO holidayrequest(pharmacy_id,start_date,end_date,status) VALUES (2,'2021-08-29 21:58:58.508-07','2021-12-30 21:58:58.508-07',0);
INSERT INTO holidayrequest(pharmacy_id,start_date,end_date,status) VALUES (2,'2021-10-10 21:58:58.508-07','2021-12-12 21:58:58.508-07',0);
INSERT INTO holidayrequest(pharmacy_id,start_date,end_date,status) VALUES (2,'2021-07-07 21:58:58.508-07','2021-12-12 21:58:58.508-07',0);

--dermatologist holiday request
INSERT INTO dermatologist_holiday_requests(dermatologist_id,holiday_requests_id) VALUES (1,1);
INSERT INTO dermatologist_holiday_requests(dermatologist_id,holiday_requests_id) VALUES (2,2);
INSERT INTO dermatologist_holiday_requests(dermatologist_id,holiday_requests_id) VALUES (3,3);

--working days
INSERT INTO workingday (day,end_time,start_time) VALUES (0,'19:00:00.000000', '08:00:00.000000');
INSERT INTO workingday (day,end_time,start_time) VALUES (1,'19:00:00.000000', '08:00:00.000000');
INSERT INTO workingday (day,end_time,start_time) VALUES (2,'19:00:00.000000', '08:00:00.000000');
INSERT INTO workingday (day,end_time,start_time) VALUES (3,'19:00:00.000000', '08:00:00.000000');
INSERT INTO workingday (day,end_time,start_time) VALUES (4,'19:00:00.000000', '08:00:00.000000');
INSERT INTO workingday (day,end_time,start_time) VALUES (5,'19:00:00.000000', '08:00:00.000000');

INSERT INTO workingday (day,end_time,start_time) VALUES (6,'19:00:00.000000', '08:00:00.000000');

INSERT INTO workingday (day,end_time,start_time) VALUES (4,'19:00:00.000000', '08:00:00.000000');
INSERT INTO workingday (day,end_time,start_time) VALUES (5,'19:00:00.000000', '08:00:00.000000');

--working time
INSERT INTO workingtime (pharmacy_id) VALUES (2);
INSERT INTO workingtime (pharmacy_id) VALUES (1);
INSERT INTO workingtime (pharmacy_id) VALUES (1);

--working time with working days
INSERT INTO workingtime_working_days (working_time_id, working_days_id) VALUES (1,1);
INSERT INTO workingtime_working_days (working_time_id, working_days_id) VALUES (1,2);
INSERT INTO workingtime_working_days (working_time_id, working_days_id) VALUES (1,3);
INSERT INTO workingtime_working_days (working_time_id, working_days_id) VALUES (2,4);
INSERT INTO workingtime_working_days (working_time_id, working_days_id) VALUES (2,5);
INSERT INTO workingtime_working_days (working_time_id, working_days_id) VALUES (2,6);

INSERT INTO workingtime_working_days (working_time_id, working_days_id) VALUES (3,7);
--dermatologist working time
INSERT INTO dermatologist_working_times (dermatologist_id, working_times_id) VALUES (1,1); 
INSERT INTO dermatologist_working_times (dermatologist_id, working_times_id) VALUES (1,2); 
INSERT INTO dermatologist_working_times (dermatologist_id, working_times_id) VALUES (2,3); 

--pharmacist
INSERT INTO PHARMACIST (user_id,working_time_id) VALUES (8,1);
INSERT INTO PHARMACIST (user_id,working_time_id) VALUES (10,2);



--pharmacist rating
INSERT INTO pharmacist_ratings (pharmacist_id, ratings_id) VALUES (1,1);
INSERT INTO pharmacist_ratings (pharmacist_id, ratings_id) VALUES (1,3);



--pharmacist holiday request
INSERT INTO pharmacist_holiday_requests(pharmacist_id,holiday_requests_id) VALUES (1,1);


--eprescription
INSERT INTO eprescription(id,issued_date,patient_id) VALUES (1,'2017-10-01 21:58:58.508-07',1);
INSERT INTO eprescription(id,issued_date,patient_id) VALUES (2,'2017-10-01 21:58:58.508-07',2);

--eprescription medicine
INSERT INTO eprescription_medicines(eprescription_id,medicines_id) values (1,1);
INSERT INTO eprescription_medicines(eprescription_id,medicines_id) values (2,2);

--medicine rating 

INSERT INTO medicine_ratings(medicine_id,ratings_id) VALUES (1,1);
INSERT INTO medicine_ratings(medicine_id,ratings_id) VALUES (1,5);
INSERT INTO medicine_ratings(medicine_id,ratings_id) VALUES (1,4);
INSERT INTO medicine_ratings(medicine_id,ratings_id) VALUES (2,3);

--medicine order
INSERT INTO medicineorder(status,time_limit) VALUES (0,'2017-10-01 21:58:58.508-07');
INSERT INTO medicineorder(status,time_limit) VALUES (1,'2017-10-29 21:58:58.508-07');
INSERT INTO medicineorder(status,time_limit) VALUES (0,'2017-12-04 21:58:58.508-07');

--pharmacy medicine order
INSERT INTO pharmacy_medicine_orders(pharmacy_id, medicine_orders_id) VALUES (2,1);
INSERT INTO pharmacy_medicine_orders(pharmacy_id, medicine_orders_id) VALUES (2,2);
INSERT INTO pharmacy_medicine_orders(pharmacy_id, medicine_orders_id) VALUES (1,3);


--medicine order medicines
INSERT INTO medicineorder_medicines(medicine_order_id,medicines_id) VALUES (1,8);
INSERT INTO medicineorder_medicines(medicine_order_id,medicines_id) VALUES (2,2);
INSERT INTO medicineorder_medicines(medicine_order_id,medicines_id) VALUES (3,3);
INSERT INTO medicineorder_medicines(medicine_order_id,medicines_id) VALUES (2,1);
INSERT INTO medicineorder_medicines(medicine_order_id,medicines_id) VALUES (2,3);
INSERT INTO medicineorder_medicines(medicine_order_id,medicines_id) VALUES (1,9);

--medicine reservation
INSERT INTO medicinereservation(number_of_reservation,due_to,due_to_time,status,medicine_with_quantity_id,patient_id) VALUES ('rez1','2021-12-04','14:00:00.000000',0,1,2);
INSERT INTO medicinereservation(number_of_reservation,due_to,due_to_time,status,medicine_with_quantity_id,patient_id) VALUES (2,'2017-10-04','14:00:00.000000',0,4,1);
INSERT INTO medicinereservation(number_of_reservation,due_to,due_to_time,status,medicine_with_quantity_id,patient_id) VALUES (3,'2017-12-04','14:00:00.000000',0,1,2);
INSERT INTO medicinereservation(number_of_reservation,due_to,due_to_time,status,medicine_with_quantity_id,patient_id) VALUES ('rezervacija','2017-12-04','14:00:00.000000',0,1,1);
INSERT INTO medicinereservation(number_of_reservation,due_to,due_to_time,status,medicine_with_quantity_id,patient_id) VALUES ('Rez','2021-08-22','14:00:00.000000',0,4,1);
INSERT INTO medicinereservation(number_of_reservation,due_to,due_to_time,status,medicine_with_quantity_id,patient_id) VALUES (11,'2021-08-04','14:00:00.000000',2,1,2);
INSERT INTO medicinereservation(number_of_reservation,due_to,due_to_time,status,medicine_with_quantity_id,patient_id) VALUES ('REZERV','2018-08-04','14:00:00.000000',0,4,2);
INSERT INTO medicinereservation(number_of_reservation,due_to,due_to_time,status,medicine_with_quantity_id,patient_id) VALUES (12,'2018-12-04','14:00:00.000000',2,1,2);
INSERT INTO medicinereservation(number_of_reservation,due_to,due_to_time,status,medicine_with_quantity_id,patient_id) VALUES (6,'2018-12-06','14:00:00.000000',2,1,2);
INSERT INTO medicinereservation(number_of_reservation,due_to,due_to_time,status,medicine_with_quantity_id,patient_id) VALUES (7,'2021-08-15','14:00:00.000000',2,3,2);
--pharmacy medicine reservations
INSERT INTO pharmacy_medicine_reservations(pharmacy_id,medicine_reservations_id) VALUES (2,1);
INSERT INTO pharmacy_medicine_reservations(pharmacy_id,medicine_reservations_id) VALUES (1,2);
INSERT INTO pharmacy_medicine_reservations(pharmacy_id,medicine_reservations_id) VALUES (2,5);
INSERT INTO pharmacy_medicine_reservations(pharmacy_id,medicine_reservations_id) VALUES (2,6);
INSERT INTO pharmacy_medicine_reservations(pharmacy_id,medicine_reservations_id) VALUES (2,7);
INSERT INTO pharmacy_medicine_reservations(pharmacy_id,medicine_reservations_id) VALUES (2,8);
INSERT INTO pharmacy_medicine_reservations(pharmacy_id,medicine_reservations_id) VALUES (2,9);
INSERT INTO pharmacy_medicine_reservations(pharmacy_id,medicine_reservations_id) VALUES (2,10);
--pharmacist complaint
INSERT INTO pharmacist_complaint(id,content,pharmacist_id,patient_id, is_answered) VALUES (1,'Skup',1, 1,false);

--VRV OBRISATI
--patients pharmacist complaint
INSERT INTO patients_pharmacist_complaints(patient_id,pharmacist_complaints_id) VALUES (1,1);

--pharmacy complaint
INSERT INTO pharmacy_complaint(id,content,pharmacy_id,patient_id, is_answered) VALUES (1,'Lose osoblje',1,1, false);
INSERT INTO pharmacy_complaint(id,content,pharmacy_id,patient_id, is_answered) VALUES (2,'Los pristup pacijentu.',1,2, false);

--patients phamracy complaint
INSERT INTO patients_pharmacy_complaints(patient_id,pharmacy_complaints_id) VALUES (1,1);

--request for medicine availabitlity
INSERT INTO requestformedicineavailability(id,created_at,medicine_with_quantity_id) VALUES (1,'2021-07-04 21:58:58.508-07',1);

--suplier offer 
INSERT INTO suplieroffer(delevery_time,price,medicine_order_id) VALUES ('2017-10-01 21:58:58.508-07',500,1);
INSERT INTO suplieroffer(delevery_time,price,medicine_order_id) VALUES ('2021-08-08 21:58:58.508-07',500,1);

--suplier offers 
INSERT INTO suplier_offers(suplier_id,offers_id) VALUES (1,1);
INSERT INTO suplier_offers(suplier_id,offers_id) VALUES (2,2);

--theraphy
INSERT INTO therapy(duration,medicine_id) VALUES (4,1);
INSERT INTO therapy(duration,medicine_id) VALUES (6,2);

--loyalty scale
INSERT INTO loyaltyscale(id,category,needed_points,discount) VALUES (1,0,0,0);
INSERT INTO loyaltyscale(id,category,needed_points,discount) VALUES (2,1,20,10);
INSERT INTO loyaltyscale(id,category,needed_points,discount) VALUES (3,2,60,30);


--pharmacist consulting
INSERT INTO pharmacistcounseling(description,duration,start_date_time,patient_id,pharmacist_id,therapy_id) VALUES ('opis 1',30,'2021-08-21 10:58:58.508-07',1,1,1);
INSERT INTO pharmacistcounseling(description,duration,start_date_time,patient_id,pharmacist_id,therapy_id) VALUES ('opis 2',30,'2021-07-15 21:58:58.508-07',1,1,1);
INSERT INTO pharmacistcounseling(description,duration,start_date_time,patient_id,pharmacist_id,therapy_id) VALUES ('opis 3',30,'2020-01-05 21:58:58.508-07',1,1,1);
INSERT INTO pharmacistcounseling(description,duration,start_date_time,patient_id,pharmacist_id,therapy_id) VALUES ('opis 4',30,'2020-02-15 21:58:58.508-07',1,1,1);
INSERT INTO pharmacistcounseling(description,duration,start_date_time,patient_id,pharmacist_id,therapy_id) VALUES ('opis 5',30,'2020-12-15 21:58:58.508-07',1,1,1);
INSERT INTO pharmacistcounseling(description,duration,start_date_time,patient_id,pharmacist_id,therapy_id) VALUES ('opis 6',30,'2020-01-01 21:58:58.508-07',1,1,1);

INSERT INTO loyaltyprogram(id,appointment_points,advising_points) VALUES (1,5,3);

